Date,Close,Volume,DayOfWeek,Month
2021-04-30 16:00:00,337.99,38263421,4,4
2021-05-03 16:00:00,336.19,29729730,0,5
2021-05-04 16:00:00,330.14,65146972,1,5
2021-05-05 16:00:00,329.03,46219307,2,5
2021-05-06 16:00:00,331.51,46814283,3,5
2021-05-07 16:00:00,334.2,53324460,4,5
2021-05-10 16:00:00,325.76,60700462,0,5
2021-05-11 16:00:00,325.31,71963612,1,5
2021-05-12 16:00:00,316.89,91164855,2,5
2021-05-13 16:00:00,319.34,69877765,3,5
2021-05-14 16:00:00,326.39,44370015,4,5
2021-05-17 16:00:00,324.41,39394997,0,5
2021-05-18 16:00:00,322.22,36528454,1,5
2021-05-19 16:00:00,322.59,66319108,2,5
2021-05-20 16:00:00,328.83,46466135,3,5
2021-05-21 16:00:00,327.01,50330449,4,5
2021-05-24 16:00:00,332.51,32475771,0,5
2021-05-25 16:00:00,332.97,31280314,1,5
2021-05-26 16:00:00,334.13,25444932,2,5
2021-05-27 16:00:00,332.88,27931747,3,5
2021-05-28 16:00:00,333.93,29927449,4,5
2021-06-01 16:00:00,332.82,31145424,1,6
2021-06-02 16:00:00,333.47,22047940,2,6
2021-06-03 16:00:00,330.0,37057825,3,6
2021-06-04 16:00:00,335.6,38736545,4,6
2021-06-07 16:00:00,336.6,32611852,0,6
2021-06-08 16:00:00,336.76,27282819,1,6
2021-06-09 16:00:00,336.84,21485319,2,6
2021-06-10 16:00:00,340.35,33702067,3,6
2021-06-11 16:00:00,341.24,21222830,4,6
2021-06-14 16:00:00,344.51,27827716,0,6
2021-06-15 16:00:00,342.26,35963780,1,6
2021-06-16 16:00:00,341.01,55399538,2,6
2021-06-17 16:00:00,345.34,59722700,3,6
2021-06-18 16:00:00,342.63,55414862,4,6
2021-06-21 16:00:00,344.36,32992649,0,6
2021-06-22 16:00:00,347.57,28941626,1,6
2021-06-23 16:00:00,347.74,27188454,2,6
2021-06-24 16:00:00,349.89,32581605,3,6
2021-06-25 16:00:00,349.46,28682801,4,6
2021-06-28 16:00:00,353.71,39130305,0,6
2021-06-29 16:00:00,354.99,29426039,1,6
2021-06-30 16:00:00,354.43,32723964,2,6
2021-07-01 16:00:00,354.57,29289978,3,7
2021-07-02 16:00:00,358.64,32727244,4,7
2021-07-06 16:00:00,360.19,38842397,1,7
2021-07-07 16:00:00,360.95,35265242,2,7
2021-07-08 16:00:00,358.77,50890021,3,7
2021-07-09 16:00:00,361.01,35184534,4,7
2021-07-12 16:00:00,362.42,25717677,0,7
2021-07-13 16:00:00,362.42,39723015,1,7
2021-07-14 16:00:00,363.07,35336350,2,7
2021-07-15 16:00:00,360.52,53391557,3,7
2021-07-16 16:00:00,357.6,47261961,4,7
2021-07-19 16:00:00,354.67,64404625,0,7
2021-07-20 16:00:00,358.79,42183702,1,7
2021-07-21 16:00:00,361.56,30259860,2,7
2021-07-22 16:00:00,363.95,30252240,3,7
2021-07-23 16:00:00,368.2,31960799,4,7
2021-07-26 16:00:00,368.49,28438126,0,7
2021-07-27 16:00:00,364.43,57933148,1,7
2021-07-28 16:00:00,365.83,42066195,2,7
2021-07-29 16:00:00,366.48,25672533,3,7
2021-07-30 16:00:00,364.57,36484649,4,7
2021-08-02 16:00:00,364.6,27334097,0,8
2021-08-03 16:00:00,366.81,35558511,1,8
2021-08-04 16:00:00,367.34,29602236,2,8
2021-08-05 16:00:00,369.67,21443925,3,8
2021-08-06 16:00:00,368.05,33332107,4,8
2021-08-09 16:00:00,368.73,25960245,0,8
2021-08-10 16:00:00,366.84,35130796,1,8
2021-08-11 16:00:00,366.21,34249812,2,8
2021-08-12 16:00:00,367.53,26003877,3,8
2021-08-13 16:00:00,368.82,19336190,4,8
2021-08-16 16:00:00,368.98,35044107,0,8
2021-08-17 16:00:00,365.73,44793902,1,8
2021-08-18 16:00:00,362.21,38541940,2,8
2021-08-19 16:00:00,363.96,48499368,3,8
2021-08-20 16:00:00,367.73,39486034,4,8
2021-08-23 16:00:00,373.23,34034744,0,8
2021-08-24 16:00:00,374.37,21732913,1,8
2021-08-25 16:00:00,374.8,20441880,2,8
2021-08-26 16:00:00,372.42,29133325,3,8
2021-08-27 16:00:00,376.04,27104749,4,8
2021-08-30 16:00:00,380.26,27295665,0,8
2021-08-31 16:00:00,379.95,29628175,1,8
2021-09-01 16:00:00,380.58,28138311,2,9
2021-09-02 16:00:00,380.4,25503535,3,9
2021-09-03 16:00:00,381.57,24624937,4,9
2021-09-07 16:00:00,382.11,23970203,1,9
2021-09-08 16:00:00,380.78,32949159,2,9
2021-09-09 16:00:00,379.47,29398978,3,9
2021-09-10 16:00:00,376.59,40249405,4,9
2021-09-13 16:00:00,376.33,48741781,0,9
2021-09-14 16:00:00,375.26,41826624,1,9
2021-09-15 16:00:00,378.05,34097865,2,9
2021-09-16 16:00:00,378.31,35193083,3,9
2021-09-17 16:00:00,373.83,60912267,4,9
2021-09-20 16:00:00,365.7,76203202,0,9
2021-09-21 16:00:00,366.15,41927483,1,9
2021-09-22 16:00:00,369.57,46972920,2,9
2021-09-23 16:00:00,372.98,44652002,3,9
2021-09-24 16:00:00,373.33,36056800,4,9
2021-09-27 16:00:00,370.35,43338079,0,9
2021-09-28 16:00:00,359.87,97701632,1,9
2021-09-29 16:00:00,359.28,58076621,2,9
2021-09-30 16:00:00,357.96,61384577,3,9
2021-10-01 16:00:00,360.18,56375488,4,10
2021-10-04 16:00:00,352.62,76766005,0,10
2021-10-05 16:00:00,357.38,47232904,1,10
2021-10-06 16:00:00,359.67,56806536,2,10
2021-10-07 16:00:00,362.97,39411172,3,10
2021-10-08 16:00:00,361.16,41822309,4,10
2021-10-11 16:00:00,358.39,34847182,0,10
2021-10-12 16:00:00,357.14,43905101,1,10
2021-10-13 16:00:00,360.0,40120795,2,10
2021-10-14 16:00:00,366.63,43433867,3,10
2021-10-15 16:00:00,368.94,40419878,4,10
2021-10-18 16:00:00,372.65,34513514,0,10
2021-10-19 16:00:00,375.47,29090963,1,10
2021-10-20 16:00:00,374.98,31390338,2,10
2021-10-21 16:00:00,377.27,25469277,3,10
2021-10-22 16:00:00,374.1,36275822,4,10
2021-10-25 16:00:00,377.93,32597804,0,10
2021-10-26 16:00:00,379.12,47191279,1,10
2021-10-27 16:00:00,380.0,45760496,2,10
2021-10-28 16:00:00,384.22,38007005,3,10
2021-10-29 16:00:00,386.11,37310116,4,10
2021-11-01 16:00:00,387.43,30765303,0,11
2021-11-02 16:00:00,389.05,25135292,1,11
2021-11-03 16:00:00,393.18,33748901,2,11
2021-11-04 16:00:00,398.22,40265313,3,11
2021-11-05 16:00:00,398.6,43383802,4,11
2021-11-08 16:00:00,398.06,29256270,0,11
2021-11-09 16:00:00,395.32,50490720,1,11
2021-11-10 16:00:00,389.51,54937385,2,11
2021-11-11 16:00:00,390.59,32242983,3,11
2021-11-12 16:00:00,394.7,34730564,4,11
2021-11-15 16:00:00,394.61,33716861,0,11
2021-11-16 16:00:00,397.42,27872940,1,11
2021-11-17 16:00:00,397.63,28703263,2,11
2021-11-18 16:00:00,401.75,45721515,3,11
2021-11-19 16:00:00,403.99,45191721,4,11
2021-11-22 16:00:00,399.3,61715370,0,11
2021-11-23 16:00:00,397.48,70098736,1,11
2021-11-24 16:00:00,398.76,46954382,2,11
2021-11-26 13:00:00,391.2,51533314,4,11
2021-11-29 16:00:00,399.69,54447106,0,11
2021-11-30 16:00:00,393.82,81332693,1,11
2021-12-01 16:00:00,387.12,78379245,2,12
2021-12-02 16:00:00,389.91,84416623,3,12
2021-12-03 16:00:00,383.13,105349104,4,12
2021-12-06 16:00:00,386.2,67588801,0,12
2021-12-07 16:00:00,397.83,56005264,1,12
2021-12-08 16:00:00,399.61,39204041,2,12
2021-12-09 16:00:00,393.73,49973714,3,12
2021-12-10 16:00:00,398.01,52545767,4,12
2021-12-13 16:00:00,392.26,50166410,0,12
2021-12-14 16:00:00,388.2,75199181,1,12
2021-12-15 16:00:00,397.05,73858028,2,12
2021-12-16 16:00:00,386.84,82591368,3,12
2021-12-17 16:00:00,384.91,81642848,4,12
2021-12-20 16:00:00,380.69,65336827,0,12
2021-12-21 16:00:00,389.21,48899477,1,12
2021-12-22 16:00:00,393.95,37042200,2,12
2021-12-23 16:00:00,396.92,29595536,3,12
2021-12-27 16:00:00,403.48,32820705,0,12
2021-12-28 16:00:00,401.61,33113728,1,12
2021-12-29 16:00:00,401.55,32248484,2,12
2021-12-30 16:00:00,400.35,23850065,3,12
2021-12-31 16:00:00,397.85,34752884,4,12
2022-01-03 16:00:00,401.68,40575854,0,1
2022-01-04 16:00:00,396.47,58027206,1,1
2022-01-05 16:00:00,384.29,75739847,2,1
2022-01-06 16:00:00,384.02,70814324,3,1
2022-01-07 16:00:00,379.86,72652304,4,1
2022-01-10 16:00:00,380.11,91770497,0,1
2022-01-11 16:00:00,385.82,68295698,1,1
2022-01-12 16:00:00,387.35,54576366,2,1
2022-01-13 16:00:00,377.66,77993962,3,1
2022-01-14 16:00:00,380.01,80121210,4,1
2022-01-18 16:00:00,370.55,75812296,1,1
2022-01-19 16:00:00,366.48,81791482,2,1
2022-01-20 16:00:00,361.72,88610680,3,1
2022-01-21 16:00:00,351.69,143388920,4,1
2022-01-24 16:00:00,353.3,199448109,0,1
2022-01-25 16:00:00,345.11,124398394,1,1
2022-01-26 16:00:00,344.57,146559524,2,1
2022-01-27 16:00:00,341.1,95255656,3,1
2022-01-28 16:00:00,351.8,108167897,4,1
2022-01-31 16:00:00,363.05,94326389,0,1
2022-02-01 16:00:00,365.52,74433023,1,2
2022-02-02 16:00:00,368.49,78777135,2,2
2022-02-03 16:00:00,353.55,95384771,3,2
2022-02-04 16:00:00,358.01,86318301,4,2
2022-02-07 16:00:00,355.13,58198087,0,2
2022-02-08 16:00:00,359.12,64720897,1,2
2022-02-09 16:00:00,366.73,55766422,2,2
2022-02-10 16:00:00,358.43,112468483,3,2
2022-02-11 16:00:00,347.06,101569102,4,2
2022-02-14 16:00:00,347.49,80254439,0,2
2022-02-15 16:00:00,356.13,55390805,1,2
2022-02-16 16:00:00,356.04,58947086,2,2
2022-02-17 16:00:00,345.45,61801353,3,2
2022-02-18 16:00:00,341.51,80001513,4,2
2022-02-22 16:00:00,338.08,85967095,1,2
2022-02-23 16:00:00,329.42,86215371,2,2
2022-02-24 16:00:00,340.49,130614053,3,2
2022-02-25 16:00:00,345.77,78842088,4,2
2022-02-28 16:00:00,346.8,77515544,0,2
2022-03-01 16:00:00,341.49,67407000,1,3
2022-03-02 16:00:00,347.22,70609015,2,3
2022-03-03 16:00:00,342.26,71089385,3,3
2022-03-04 16:00:00,337.3,77009763,4,3
2022-03-07 16:00:00,324.86,89933794,0,3
2022-03-08 16:00:00,323.35,116153921,1,3
2022-03-09 16:00:00,334.99,64723366,2,3
2022-03-10 16:00:00,331.27,69362714,3,3
2022-03-11 16:00:00,324.4,66228432,4,3
2022-03-14 16:00:00,318.17,79802606,0,3
2022-03-15 16:00:00,328.15,76470991,1,3
2022-03-16 16:00:00,340.32,105242954,2,3
2022-03-17 16:00:00,344.44,67809951,3,3
2022-03-18 16:00:00,351.49,85446347,4,3
2022-03-21 16:00:00,350.08,73799072,0,3
2022-03-22 16:00:00,356.96,63345928,1,3
2022-03-23 16:00:00,351.83,70615457,2,3
2022-03-24 16:00:00,359.65,53555251,3,3
2022-03-25 16:00:00,359.35,57584158,4,3
2022-03-28 16:00:00,364.91,56833866,0,3
2022-03-29 16:00:00,371.19,68072955,1,3
2022-03-30 16:00:00,367.09,68757710,2,3
2022-03-31 16:00:00,362.54,67011405,3,3
2022-04-01 16:00:00,361.85,54527761,4,4
2022-04-04 16:00:00,369.3,45950171,0,4
2022-04-05 16:00:00,361.1,62738661,1,4
2022-04-06 16:00:00,353.26,90077072,2,4
2022-04-07 16:00:00,354.1,63777373,3,4
2022-04-08 16:00:00,349.15,61956094,4,4
2022-04-11 16:00:00,340.89,66107401,0,4
2022-04-12 16:00:00,339.45,72790215,1,4
2022-04-13 16:00:00,346.35,61367755,2,4
2022-04-14 16:00:00,338.43,73519367,3,4
2022-04-18 16:00:00,338.69,58560555,0,4
2022-04-19 16:00:00,346.26,56515684,1,4
2022-04-20 16:00:00,341.21,65500022,2,4
2022-04-21 16:00:00,334.15,75801008,3,4
2022-04-22 16:00:00,325.4,82562145,4,4
2022-04-25 16:00:00,329.58,101755856,0,4
2022-04-26 16:00:00,317.14,105819629,1,4
2022-04-27 16:00:00,316.76,111204164,2,4
2022-04-28 16:00:00,328.01,99449957,3,4
2022-04-29 16:00:00,313.25,91977859,4,4
2022-05-02 16:00:00,318.48,115511770,0,5
2022-05-03 16:00:00,318.82,78185527,1,5
2022-05-04 16:00:00,329.6,116083395,2,5
2022-05-05 16:00:00,313.0,154607447,3,5
2022-05-06 16:00:00,309.25,139572805,4,5
2022-05-09 16:00:00,297.15,113387342,0,5
2022-05-10 16:00:00,300.76,124124550,1,5
2022-05-11 16:00:00,291.84,140326148,2,5
2022-05-12 16:00:00,291.15,120910850,3,5
2022-05-13 16:00:00,301.94,83684931,4,5
2022-05-16 16:00:00,298.44,59190432,0,5
2022-05-17 16:00:00,306.17,62715293,1,5
2022-05-18 16:00:00,291.14,79477109,2,5
2022-05-19 16:00:00,289.58,79920709,3,5
2022-05-20 16:00:00,288.68,91764174,4,5
2022-05-23 16:00:00,293.48,63648400,0,5
2022-05-24 16:00:00,287.24,73491124,1,5
2022-05-25 16:00:00,291.26,67144548,2,5
2022-05-26 16:00:00,299.33,59462231,3,5
2022-05-27 16:00:00,309.1,66985596,4,5
2022-05-31 16:00:00,308.28,60968330,1,5
2022-06-01 16:00:00,306.0,65341653,2,6
2022-06-02 16:00:00,314.38,59291333,3,6
2022-06-03 16:00:00,306.2,60914684,4,6
2022-06-06 16:00:00,307.22,51785013,0,6
2022-06-07 16:00:00,309.87,44900292,1,6
2022-06-08 16:00:00,307.64,38342062,2,6
2022-06-09 16:00:00,299.4,55900475,3,6
2022-06-10 16:00:00,288.84,85963456,4,6
2022-06-13 16:00:00,275.41,94442009,0,6
2022-06-14 16:00:00,275.91,64697521,1,6
2022-06-15 16:00:00,282.8,86051428,2,6
2022-06-16 16:00:00,271.39,81910297,3,6
2022-06-17 16:00:00,274.69,82703402,4,6
2022-06-21 16:00:00,281.08,51633741,1,6
2022-06-22 16:00:00,280.67,67472924,2,6
2022-06-23 16:00:00,284.85,57457796,3,6
2022-06-24 16:00:00,294.61,58422262,4,6
2022-06-27 16:00:00,292.45,54151452,0,6
2022-06-28 16:00:00,283.54,61867060,1,6
2022-06-29 16:00:00,283.8,57302726,2,6
2022-06-30 16:00:00,280.28,79313580,3,6
2022-07-01 16:00:00,282.13,56675107,4,7
2022-07-05 16:00:00,286.96,61829272,1,7
2022-07-06 16:00:00,288.8,63194715,2,7
2022-07-07 16:00:00,294.98,56620114,3,7
2022-07-08 16:00:00,295.35,59895478,4,7
2022-07-11 16:00:00,289.04,55273920,0,7
2022-07-12 16:00:00,286.24,55797088,1,7
2022-07-13 16:00:00,285.65,73939418,2,7
2022-07-14 16:00:00,286.67,63741837,3,7
2022-07-15 16:00:00,291.87,63818149,4,7
2022-07-18 16:00:00,289.4,59519581,0,7
2022-07-19 16:00:00,298.3,55172640,1,7
2022-07-20 16:00:00,303.03,67769430,2,7
2022-07-21 16:00:00,307.38,55049363,3,7
2022-07-22 16:00:00,301.99,57127715,4,7
2022-07-25 16:00:00,300.27,40582381,0,7
2022-07-26 16:00:00,294.37,50074122,1,7
2022-07-27 16:00:00,306.81,69304364,2,7
2022-07-28 16:00:00,309.81,55139941,3,7
2022-07-29 16:00:00,315.46,57501043,4,7
2022-08-01 16:00:00,315.27,46358833,0,8
2022-08-02 16:00:00,314.33,48676501,1,8
2022-08-03 16:00:00,322.89,53735729,2,8
2022-08-04 16:00:00,324.4,38973659,3,8
2022-08-05 16:00:00,321.75,53893972,4,8
2022-08-08 16:00:00,320.71,44066297,0,8
2022-08-09 16:00:00,317.08,39764220,1,8
2022-08-10 16:00:00,325.93,51459564,2,8
2022-08-11 16:00:00,324.08,45897650,3,8
2022-08-12 16:00:00,330.39,40928379,4,8
2022-08-15 16:00:00,333.06,38266614,0,8
2022-08-16 16:00:00,332.28,41186864,1,8
2022-08-17 16:00:00,328.49,47842155,2,8
2022-08-18 16:00:00,329.28,41937172,3,8
2022-08-19 16:00:00,322.86,51770570,4,8
2022-08-22 16:00:00,314.36,51098890,0,8
2022-08-23 16:00:00,314.1,39497074,1,8
2022-08-24 16:00:00,315.01,38057059,2,8
2022-08-25 16:00:00,320.58,38098255,3,8
2022-08-26 16:00:00,307.44,69047740,4,8
2022-08-29 16:00:00,304.41,48321851,0,8
2022-08-30 16:00:00,301.02,51184500,1,8
2022-08-31 16:00:00,299.27,50044041,2,8
2022-09-01 16:00:00,299.4,57990745,3,9
2022-09-02 16:00:00,295.17,64666839,4,9
2022-09-06 16:00:00,293.05,57005444,1,9
2022-09-07 16:00:00,298.97,49260381,2,9
2022-09-08 16:00:00,300.52,55649821,3,9
2022-09-09 16:00:00,307.09,56125215,4,9
2022-09-12 16:00:00,310.74,45905737,0,9
2022-09-13 16:00:00,293.7,79562172,1,9
2022-09-14 16:00:00,296.03,54907198,2,9
2022-09-15 16:00:00,291.1,65299411,3,9
2022-09-16 16:00:00,289.32,79920391,4,9
2022-09-19 16:00:00,291.05,52613831,0,9
2022-09-20 16:00:00,288.73,51271117,1,9
2022-09-21 16:00:00,283.56,82930963,2,9
2022-09-22 16:00:00,280.07,62757073,3,9
2022-09-23 16:00:00,275.51,74815189,4,9
2022-09-26 16:00:00,274.37,71176694,0,9
2022-09-27 16:00:00,274.48,69780115,1,9
2022-09-28 16:00:00,279.94,79652140,2,9
2022-09-29 16:00:00,271.87,81215957,3,9
2022-09-30 16:00:00,267.26,78482378,4,9
2022-10-03 16:00:00,273.53,61267449,0,10
2022-10-04 16:00:00,282.13,66696931,1,10
2022-10-05 16:00:00,281.98,55766318,2,10
2022-10-06 16:00:00,279.76,53489411,3,10
2022-10-07 16:00:00,269.1,71354674,4,10
2022-10-10 16:00:00,266.41,60392990,0,10
2022-10-11 16:00:00,262.75,66522509,1,10
2022-10-12 16:00:00,262.66,50580179,2,10
2022-10-13 16:00:00,268.82,112894068,3,10
2022-10-14 16:00:00,260.74,77244302,4,10
2022-10-17 16:00:00,269.35,64576452,0,10
2022-10-18 16:00:00,271.48,69780995,1,10
2022-10-19 16:00:00,270.49,53115405,2,10
2022-10-20 16:00:00,269.11,60605496,3,10
2022-10-21 16:00:00,275.42,77897694,4,10
2022-10-24 16:00:00,278.45,63963569,0,10
2022-10-25 16:00:00,284.21,59014494,1,10
2022-10-26 16:00:00,277.93,63898246,2,10
2022-10-27 16:00:00,272.87,57760302,3,10
2022-10-28 16:00:00,281.22,62651312,4,10
2022-10-31 16:00:00,277.95,47741952,0,10
2022-11-01 16:00:00,275.11,45895897,1,11
2022-11-02 16:00:00,265.68,79803142,2,11
2022-11-03 16:00:00,260.49,70038903,3,11
2022-11-04 16:00:00,264.68,78313213,4,11
2022-11-07 16:00:00,267.59,47333828,0,11
2022-11-08 16:00:00,269.54,63213785,1,11
2022-11-09 16:00:00,263.32,64862129,2,11
2022-11-10 16:00:00,282.75,99256693,3,11
2022-11-11 16:00:00,287.96,66961751,4,11
2022-11-14 16:00:00,285.44,55080048,0,11
2022-11-15 16:00:00,289.39,73985372,1,11
2022-11-16 16:00:00,285.44,48859804,2,11
2022-11-17 16:00:00,284.81,55462076,3,11
2022-11-18 16:00:00,284.82,53588631,4,11
2022-11-21 16:00:00,281.89,40083527,0,11
2022-11-22 16:00:00,285.95,41873444,1,11
2022-11-23 16:00:00,288.82,46389967,2,11
2022-11-25 13:05:00,286.92,15498797,4,11
2022-11-28 16:00:00,282.71,38877045,0,11
2022-11-29 16:00:00,280.57,35618878,1,11
2022-11-30 16:00:00,293.36,74718088,2,11
2022-12-01 16:00:00,293.72,51547332,3,12
2022-12-02 16:00:00,292.55,53583172,4,12
2022-12-05 16:00:00,287.64,41482121,0,12
2022-12-06 16:00:00,281.68,53937605,1,12
2022-12-07 16:00:00,280.53,45614254,2,12
2022-12-08 16:00:00,283.85,42594913,3,12
2022-12-09 16:00:00,282.04,47860487,4,12
2022-12-12 16:00:00,285.58,35732518,0,12
2022-12-13 16:00:00,288.65,80667675,1,12
2022-12-14 16:00:00,286.51,64984432,2,12
2022-12-15 16:00:00,276.89,60554119,3,12
2022-12-16 16:00:00,274.25,68300351,4,12
2022-12-19 16:00:00,269.75,44167920,0,12
2022-12-20 16:00:00,269.54,51064199,1,12
2022-12-21 16:00:00,273.45,46394694,2,12
2022-12-22 16:00:00,266.76,60278377,3,12
2022-12-23 16:00:00,267.36,39373584,4,12
2022-12-27 16:00:00,263.58,38009005,1,12
2022-12-28 16:00:00,260.1,47139043,2,12
2022-12-29 16:00:00,266.44,45893567,3,12
2022-12-30 16:00:00,266.28,37858277,4,12
2023-01-03 16:00:00,264.48,42335325,1,1
2023-01-04 16:00:00,265.74,47754861,2,1
2023-01-05 16:00:00,261.58,45396744,3,1
2023-01-06 16:00:00,268.8,54659739,4,1
2023-01-09 16:00:00,270.54,45568676,0,1
2023-01-10 16:00:00,272.83,35247763,1,1
2023-01-11 16:00:00,277.55,44077036,2,1
2023-01-12 16:00:00,279.05,60599953,3,1
2023-01-13 16:00:00,280.97,44802936,4,1
2023-01-17 16:00:00,281.54,36269738,1,1
2023-01-18 16:00:00,277.88,47754549,2,1
2023-01-19 16:00:00,275.15,44150436,3,1
2023-01-20 16:00:00,282.68,60613606,4,1
2023-01-23 16:00:00,288.96,52799905,0,1
2023-01-24 16:00:00,288.37,44875146,1,1
2023-01-25 16:00:00,287.73,50872022,2,1
2023-01-26 16:00:00,293.34,51596335,3,1
2023-01-27 16:00:00,296.26,56441939,4,1
2023-01-30 16:00:00,290.27,49405833,0,1
2023-01-31 16:00:00,294.62,46705106,1,1
2023-02-01 16:00:00,300.92,67562173,2,2
2023-02-02 16:00:00,311.72,83070628,3,2
2023-02-03 16:00:00,306.18,76170804,4,2
2023-02-06 16:00:00,303.59,40802348,0,2
2023-02-07 16:00:00,309.88,67583981,1,2
2023-02-08 16:00:00,304.37,56720860,2,2
2023-02-09 16:00:00,301.68,49137818,3,2
2023-02-10 16:00:00,299.7,50050104,4,2
2023-02-13 16:00:00,304.5,39636720,0,2
2023-02-14 16:00:00,306.75,64079057,1,2
2023-02-15 16:00:00,309.1,43427298,2,2
2023-02-16 16:00:00,303.3,59498630,3,2
2023-02-17 16:00:00,301.16,58230729,4,2
2023-02-21 16:00:00,294.03,46526708,1,2
2023-02-22 16:00:00,294.25,51389237,2,2
2023-02-23 16:00:00,296.82,69294443,3,2
2023-02-24 16:00:00,291.85,74331958,4,2
2023-02-27 16:00:00,293.94,48995009,0,2
2023-02-28 16:00:00,293.56,48243141,1,2
2023-03-01 16:00:00,291.2,58286972,2,3
2023-03-02 16:00:00,293.61,53738557,3,3
2023-03-03 16:00:00,299.68,60511540,4,3
2023-03-06 16:00:00,300.02,56736294,0,3
2023-03-07 16:00:00,296.34,65955756,1,3
2023-03-08 16:00:00,297.82,50876265,2,3
2023-03-09 16:00:00,292.66,71456691,3,3
2023-03-10 16:00:00,288.55,98593561,4,3
2023-03-13 16:00:00,290.69,97123603,0,3
2023-03-14 16:00:00,297.37,73602545,1,3
2023-03-15 16:00:00,298.93,83631535,2,3
2023-03-16 16:00:00,306.81,98556824,3,3
2023-03-17 16:00:00,305.36,89923732,4,3
2023-03-20 16:00:00,305.97,56359491,0,3
2023-03-21 16:00:00,310.34,49757048,1,3
2023-03-22 16:00:00,306.12,75791914,2,3
2023-03-23 16:00:00,309.75,74575981,3,3
2023-03-24 16:00:00,310.89,57245803,4,3
2023-03-27 16:00:00,308.76,50287407,0,3
2023-03-28 16:00:00,307.12,48585917,1,3
2023-03-29 16:00:00,312.72,53274266,2,3
2023-03-30 16:00:00,315.68,58354808,3,3
2023-03-31 16:00:00,320.93,62138097,4,3
2023-04-03 16:00:00,320.15,47126839,0,4
2023-04-04 16:00:00,319.07,45875384,1,4
2023-04-05 16:00:00,315.92,62795706,2,4
2023-04-06 16:00:00,318.05,46916496,3,4
2023-04-10 16:00:00,317.87,45134736,0,4
2023-04-11 16:00:00,315.83,40113594,1,4
2023-04-12 16:00:00,313.04,62813305,2,4
2023-04-13 16:00:00,319.17,54613792,3,4
2023-04-14 16:00:00,318.57,56278284,4,4
2023-04-17 16:00:00,318.84,43007023,0,4
2023-04-18 16:00:00,318.86,46746940,1,4
2023-04-19 16:00:00,318.71,38960127,2,4
2023-04-20 16:00:00,316.28,62462142,3,4
2023-04-21 16:00:00,316.61,59002285,4,4
2023-04-24 16:00:00,315.95,44043063,0,4
2023-04-25 16:00:00,309.99,57121644,1,4
2023-04-26 16:00:00,311.87,55400496,2,4
2023-04-27 16:00:00,320.35,65430392,3,4
2023-04-28 16:00:00,322.56,59712635,4,4
2023-05-01 16:00:00,322.19,41013386,0,5
2023-05-02 16:00:00,319.38,56519407,1,5
2023-05-03 16:00:00,317.29,59882070,2,5
2023-05-04 16:00:00,316.17,50224520,3,5
2023-05-05 16:00:00,322.89,51806098,4,5
2023-05-08 16:00:00,323.69,36465796,0,5
2023-05-09 16:00:00,321.64,31768800,1,5
2023-05-10 16:00:00,325.14,60446623,2,5
2023-05-11 16:00:00,326.2,44278548,3,5
2023-05-12 16:00:00,325.03,48432836,4,5
2023-05-15 16:00:00,326.79,33375559,0,5
2023-05-16 16:00:00,327.16,40019151,1,5
2023-05-17 16:00:00,331.12,47486124,2,5
2023-05-18 16:00:00,337.27,64213466,3,5
2023-05-19 16:00:00,336.51,61554926,4,5
2023-05-22 16:00:00,337.64,43015948,0,5
2023-05-23 16:00:00,333.36,48216663,1,5
2023-05-24 16:00:00,331.65,62891169,2,5
2023-05-25 16:00:00,339.72,66862773,3,5
2023-05-26 16:00:00,348.4,63006952,4,5
2023-05-30 16:00:00,349.98,72652156,1,5
2023-05-31 16:00:00,347.99,65105378,2,5
2023-06-01 16:00:00,352.01,50488601,3,6
2023-06-02 16:00:00,354.65,53372113,4,6
2023-06-05 16:00:00,354.9,47266228,0,6
2023-06-06 16:00:00,354.84,41390400,1,6
2023-06-07 16:00:00,348.82,69225936,2,6
2023-06-08 16:00:00,353.15,47153922,3,6
2023-06-09 16:00:00,354.5,53196927,4,6
2023-06-12 16:00:00,360.49,44817646,0,6
2023-06-13 16:00:00,363.26,57097804,1,6
2023-06-14 16:00:00,365.9,69525642,2,6
2023-06-15 16:00:00,370.26,71138823,3,6
2023-06-16 16:00:00,367.93,80931971,4,6
2023-06-20 16:00:00,366.9,49204722,1,6
2023-06-21 16:00:00,361.9,53378256,2,6
2023-06-22 16:00:00,366.17,47603043,3,6
2023-06-23 16:00:00,362.54,48922911,4,6
2023-06-26 16:00:00,357.68,52685478,0,6
2023-06-27 16:00:00,363.83,49428091,1,6
2023-06-28 16:00:00,364.54,46498031,2,6
2023-06-29 16:00:00,363.81,46150967,3,6
2023-06-30 16:00:00,369.42,58712501,4,6
2023-07-03 13:05:00,370.29,19432862,0,7
2023-07-05 16:00:00,370.28,34460883,2,7
2023-07-06 16:00:00,367.46,49374728,3,7
2023-07-07 16:00:00,366.24,47133749,4,7
2023-07-10 16:00:00,366.36,48498800,0,7
2023-07-11 16:00:00,368.17,38214146,1,7
2023-07-12 16:00:00,372.82,61703696,2,7
2023-07-13 16:00:00,379.15,46960012,3,7
2023-07-14 16:00:00,379.07,55148500,4,7
2023-07-17 16:00:00,382.61,40868915,0,7
2023-07-18 16:00:00,385.74,55343438,1,7
2023-07-19 16:00:00,385.65,54092958,2,7
2023-07-20 16:00:00,376.76,71941674,3,7
2023-07-21 16:00:00,375.63,60499643,4,7
2023-07-24 16:00:00,376.23,40380056,0,7
2023-07-25 16:00:00,378.78,38894384,1,7
2023-07-26 16:00:00,377.52,47075710,2,7
2023-07-27 16:00:00,376.62,63940225,3,7
2023-07-28 16:00:00,383.48,56902926,4,7
2023-07-31 16:00:00,383.68,44019905,0,7
2023-08-01 16:00:00,382.79,41308457,1,8
2023-08-02 16:00:00,374.39,72687107,2,8
2023-08-03 16:00:00,373.79,47855381,3,8
2023-08-04 16:00:00,372.04,61702759,4,8
2023-08-07 16:00:00,375.19,37230444,0,8
2023-08-08 16:00:00,372.0,44726453,1,8
2023-08-09 16:00:00,367.91,51150900,2,8
2023-08-10 16:00:00,368.59,72035265,3,8
2023-08-11 16:00:00,366.24,48707187,4,8
2023-08-14 16:00:00,370.35,42130802,0,8
2023-08-15 16:00:00,366.42,45539891,1,8
2023-08-16 16:00:00,362.54,53190525,2,8
2023-08-17 16:00:00,358.58,62604338,3,8
2023-08-18 16:00:00,358.13,61191389,4,8
2023-08-21 16:00:00,363.9,50696518,0,8
2023-08-22 16:00:00,363.38,44613509,1,8
2023-08-23 16:00:00,369.11,51770603,2,8
2023-08-24 16:00:00,361.22,66842491,3,8
2023-08-25 16:00:00,364.02,69960465,4,8
2023-08-28 16:00:00,366.76,40910019,0,8
2023-08-29 16:00:00,374.77,58492371,1,8
2023-08-30 16:00:00,376.86,41731511,2,8
2023-08-31 16:00:00,377.99,35730701,3,8
2023-09-01 16:00:00,377.59,39801177,4,9
2023-09-05 16:00:00,378.07,32344222,1,9
2023-09-06 16:00:00,374.74,42998735,2,9
2023-09-07 16:00:00,372.06,52060716,3,9
2023-09-08 16:00:00,372.58,35847359,4,9
2023-09-11 16:00:00,376.97,39936634,0,9
2023-09-12 16:00:00,372.79,41391024,1,9
2023-09-13 16:00:00,374.21,46300677,2,9
2023-09-14 16:00:00,377.27,48039388,3,9
2023-09-15 16:00:00,370.81,69811206,4,9
2023-09-18 16:00:00,370.66,36903545,0,9
2023-09-19 16:00:00,369.87,37621734,1,9
2023-09-20 16:00:00,364.54,45514189,2,9
2023-09-21 16:00:00,357.86,69734845,3,9
2023-09-22 16:00:00,357.91,51589689,4,9
2023-09-25 16:00:00,359.61,39167985,0,9
2023-09-26 16:00:00,354.21,53657748,1,9
2023-09-27 16:00:00,355.04,56065972,2,9
2023-09-28 16:00:00,358.01,56453312,3,9
2023-09-29 16:00:00,358.27,64829616,4,9
2023-10-02 16:00:00,361.26,51625054,0,10
2023-10-03 16:00:00,354.92,60478489,1,10
2023-10-04 16:00:00,359.75,54786686,2,10
2023-10-05 16:00:00,358.69,45897390,3,10
2023-10-06 16:00:00,364.7,75049119,4,10
2023-10-09 16:00:00,366.56,45304766,0,10
2023-10-10 16:00:00,368.59,46968806,1,10
2023-10-11 16:00:00,371.22,38215088,2,10
2023-10-12 16:00:00,369.93,49587942,3,10
2023-10-13 16:00:00,365.28,52519876,4,10
2023-10-16 16:00:00,369.41,44201059,0,10
2023-10-17 16:00:00,368.2,50999102,1,10
2023-10-18 16:00:00,363.37,54280490,2,10
2023-10-19 16:00:00,359.97,72274238,3,10
2023-10-20 16:00:00,354.6,72559723,4,10
2023-10-23 16:00:00,355.67,60665185,0,10
2023-10-24 16:00:00,359.13,47082078,1,10
2023-10-25 16:00:00,350.34,71190536,2,10
2023-10-26 16:00:00,343.66,78621425,3,10
2023-10-27 16:00:00,345.31,63476707,4,10
2023-10-30 16:00:00,349.2,55298536,0,10
2023-10-31 16:00:00,350.87,47671906,1,10
2023-11-01 16:00:00,356.96,58992666,2,11
2023-11-02 16:00:00,363.44,58162442,3,11
2023-11-03 16:00:00,367.71,53280457,4,11
2023-11-06 16:00:00,369.21,38848743,0,11
2023-11-07 16:00:00,372.7,50777398,1,11
2023-11-08 16:00:00,372.94,35663373,2,11
2023-11-09 16:00:00,370.07,53859421,3,11
2023-11-10 16:00:00,378.39,58368439,4,11
2023-11-13 16:00:00,377.21,40733505,0,11
2023-11-14 16:00:00,385.33,67792634,1,11
2023-11-15 16:00:00,385.62,54141385,2,11
2023-11-16 16:00:00,385.95,45343544,3,11
2023-11-17 16:00:00,386.04,46622745,4,11
2023-11-20 16:00:00,390.74,44536669,0,11
2023-11-21 16:00:00,388.47,43336989,1,11
2023-11-22 16:00:00,390.06,44178572,2,11
2023-11-24 13:05:00,389.51,15718832,4,11
2023-11-27 16:00:00,389.17,34139656,0,11
2023-11-28 16:00:00,390.19,35491123,1,11
2023-11-29 16:00:00,389.81,38811745,2,11
2023-11-30 16:00:00,388.83,52834381,3,11
2023-12-01 16:00:00,389.94,40490068,4,12
2023-12-04 16:00:00,386.32,51186944,0,12
2023-12-05 16:00:00,387.29,42932956,1,12
2023-12-06 16:00:00,385.05,41994072,2,12
2023-12-07 16:00:00,390.43,49593545,3,12
2023-12-08 16:00:00,392.17,46687525,4,12
2023-12-11 16:00:00,395.52,41198021,0,12
2023-12-12 16:00:00,398.67,39221152,1,12
2023-12-13 16:00:00,403.74,55408129,2,12
2023-12-14 16:00:00,403.39,55447808,3,12
2023-12-15 16:00:00,405.34,62896645,4,12
2023-12-18 16:00:00,407.08,46609985,0,12
2023-12-19 16:00:00,409.16,35711855,1,12
2023-12-20 16:00:00,403.08,54042443,2,12
2023-12-21 16:00:00,407.77,45568914,3,12
2023-12-22 16:00:00,408.38,34314003,4,12
2023-12-26 16:00:00,410.88,22722545,1,12
2023-12-27 16:00:00,411.5,31980481,2,12
2023-12-28 16:00:00,411.3,27029152,3,12
2023-12-29 16:00:00,409.52,42662120,4,12
2024-01-02 16:00:00,402.59,58026946,1,1
2024-01-03 16:00:00,398.33,47002803,2,1
2024-01-04 16:00:00,396.28,39432797,3,1
2024-01-05 16:00:00,396.75,44922810,4,1
2024-01-08 16:00:00,404.95,42473796,0,1
2024-01-09 16:00:00,405.75,39132860,1,1
2024-01-10 16:00:00,408.5,33962774,2,1
2024-01-11 16:00:00,409.35,54536198,3,1
2024-01-12 16:00:00,409.56,39594952,4,1
2024-01-16 16:00:00,409.52,43903027,1,1
2024-01-17 16:00:00,407.21,54385974,2,1
2024-01-18 16:00:00,412.99,59562505,3,1
2024-01-19 16:00:00,421.18,70325123,4,1
2024-01-22 16:00:00,421.73,44880639,0,1
2024-01-23 16:00:00,423.48,33003806,1,1
2024-01-24 16:00:00,425.83,46948016,2,1
2024-01-25 16:00:00,426.35,44367205,3,1
2024-01-26 16:00:00,423.81,37137028,4,1
2024-01-29 16:00:00,428.15,38694724,0,1
2024-01-30 16:00:00,425.3,36738956,1,1
2024-01-31 16:00:00,416.97,64010649,2,1
2024-02-01 16:00:00,421.88,51008622,3,2
2024-02-02 16:00:00,429.01,59602435,4,2
2024-02-05 16:00:00,428.45,39889209,0,2
2024-02-06 16:00:00,427.59,35846134,1,2
2024-02-07 16:00:00,431.99,37712661,2,2
2024-02-08 16:00:00,432.79,29889892,3,2
2024-02-09 16:00:00,437.05,36943905,4,2
2024-02-12 16:00:00,435.34,33203305,0,2
2024-02-13 16:00:00,428.55,64491669,1,2
2024-02-14 16:00:00,433.22,45092722,2,2
2024-02-15 16:00:00,434.51,38796137,3,2
2024-02-16 16:00:00,430.57,53716475,4,2
2024-02-20 16:00:00,427.32,53999452,1,2
2024-02-21 16:00:00,425.61,50179697,2,2
2024-02-22 16:00:00,438.07,53887751,3,2
2024-02-23 16:00:00,436.78,39853861,4,2
2024-02-26 16:00:00,436.55,33043238,0,2
2024-02-27 16:00:00,437.6,33713220,1,2
2024-02-28 16:00:00,435.27,32938821,2,2
2024-02-29 16:00:00,439.0,42495152,3,2
2024-03-01 16:00:00,445.61,43853029,4,3
2024-03-04 16:00:00,444.02,34325687,0,3
2024-03-05 16:00:00,436.05,57917135,1,3
2024-03-06 16:00:00,438.79,46234460,2,3
2024-03-07 16:00:00,445.45,44526666,3,3
2024-03-08 16:00:00,439.02,72095957,4,3
2024-03-11 16:00:00,437.39,45859992,0,3
2024-03-12 16:00:00,443.66,55300909,1,3
2024-03-13 16:00:00,440.25,37928691,2,3
2024-03-14 16:00:00,439.14,52195208,3,3
2024-03-15 16:00:00,433.92,73069824,4,3
2024-03-18 16:00:00,437.48,47323802,0,3
2024-03-19 16:00:00,438.57,43004105,1,3
2024-03-20 16:00:00,443.77,43653490,2,3
2024-03-21 16:00:00,445.87,39345652,3,3
2024-03-22 16:00:00,446.38,28253899,4,3
2024-03-25 16:00:00,444.76,27789154,0,3
2024-03-26 16:00:00,443.32,34142043,1,3
2024-03-27 16:00:00,444.83,41359240,2,3
2024-03-28 16:00:00,444.01,36839641,3,3
2024-04-01 16:00:00,444.95,38728951,0,4
2024-04-02 16:00:00,441.11,44259665,1,4
2024-04-03 16:00:00,442.1,39949750,2,4
2024-04-04 16:00:00,435.34,57267660,3,4
2024-04-05 16:00:00,440.47,54744634,4,4
2024-04-08 16:00:00,440.6,28144944,0,4
2024-04-09 16:00:00,442.23,39521568,1,4
2024-04-10 16:00:00,438.37,61502191,2,4
2024-04-11 16:00:00,445.37,45474550,3,4
2024-04-12 16:00:00,438.27,53664995,4,4
2024-04-15 16:00:00,431.06,63453622,0,4
2024-04-16 16:00:00,431.1,47618961,1,4
2024-04-17 16:00:00,425.84,56880536,2,4
2024-04-18 16:00:00,423.41,46549363,3,4
2024-04-19 16:00:00,414.65,75230990,4,4
2024-04-22 16:00:00,418.82,47807663,0,4
2024-04-23 16:00:00,425.07,44384741,1,4
2024-04-24 16:00:00,426.51,48440305,2,4
2024-04-25 16:00:00,424.45,57392169,3,4
2024-04-26 16:00:00,431.0,41874907,4,4
2024-04-29 16:00:00,432.75,30022161,0,4
2024-04-30 16:00:00,424.59,43665934,1,4
2024-05-01 16:00:00,421.52,52251707,2,5
2024-05-02 16:00:00,426.9,36559007,3,5
2024-05-03 16:00:00,435.48,48515252,4,5
2024-05-06 16:00:00,440.25,30227200,0,5
2024-05-07 16:00:00,440.32,30996094,1,5
2024-05-08 16:00:00,440.06,24896723,2,5
2024-05-09 16:00:00,441.02,24580121,3,5
2024-05-10 16:00:00,442.06,27116566,4,5
2024-05-13 16:00:00,443.08,22994192,0,5
2024-05-14 16:00:00,445.93,34478321,1,5
2024-05-15 16:00:00,452.9,41464651,2,5
2024-05-16 16:00:00,451.98,34780412,3,5
2024-05-17 16:00:00,451.76,35803719,4,5
2024-05-20 16:00:00,454.91,24474226,0,5
2024-05-21 16:00:00,455.8,23167720,1,5
2024-05-22 16:00:00,455.71,25120040,2,5
2024-05-23 16:00:00,453.66,40899230,3,5
2024-05-24 16:00:00,457.95,29669461,4,5
2024-05-28 16:00:00,459.68,26216815,1,5
2024-05-29 16:00:00,456.44,29739238,2,5
2024-05-30 16:00:00,451.55,30714121,3,5
2024-05-31 16:00:00,450.71,55941301,4,5
2024-06-03 16:00:00,453.13,32997467,0,6
2024-06-04 16:00:00,454.37,23767436,1,6
2024-06-05 16:00:00,463.53,33817409,2,6
2024-06-06 16:00:00,463.37,21966820,3,6
2024-06-07 16:00:00,462.96,25829720,4,6
2024-06-10 16:00:00,464.83,20719771,0,6
2024-06-11 16:00:00,468.02,22053281,1,6
2024-06-12 16:00:00,474.15,34532585,2,6
2024-06-13 16:00:00,476.72,25859014,3,6
2024-06-14 16:00:00,479.19,23372620,4,6
2024-06-17 16:00:00,485.06,37054504,0,6
2024-06-18 16:00:00,485.21,24438565,1,6
2024-06-20 16:00:00,481.47,33918683,3,6
2024-06-21 16:00:00,480.18,39432913,4,6
2024-06-24 16:00:00,473.96,37750969,0,6
2024-06-25 16:00:00,479.38,29250209,1,6
2024-06-26 16:00:00,480.37,22737105,2,6
2024-06-27 16:00:00,481.61,26222135,3,6
2024-06-28 16:00:00,479.11,34881581,4,6
2024-07-01 16:00:00,481.92,24898336,0,7
2024-07-02 16:00:00,486.98,26723559,1,7
2024-07-03 13:05:00,491.04,18064880,2,7
2024-07-05 16:00:00,496.16,28495936,4,7
2024-07-08 16:00:00,497.34,22109420,0,7
2024-07-09 16:00:00,497.77,25701253,1,7
2024-07-10 16:00:00,502.96,28046901,2,7
2024-07-11 16:00:00,491.93,49966590,3,7
2024-07-12 16:00:00,494.82,37109399,4,7
2024-07-15 16:00:00,496.15,31151386,0,7
2024-07-16 16:00:00,496.34,25950622,1,7
2024-07-17 16:00:00,481.77,56268768,2,7
2024-07-18 16:00:00,479.49,49347361,3,7
2024-07-19 16:00:00,475.24,42042856,4,7
2024-07-22 16:00:00,482.32,40299999,0,7
2024-07-23 16:00:00,480.62,23282454,1,7
2024-07-24 16:00:00,463.38,58818629,2,7
2024-07-25 16:00:00,458.27,59256759,3,7
2024-07-26 16:00:00,462.97,39992132,4,7
2024-07-29 16:00:00,463.9,28218476,0,7
2024-07-30 16:00:00,457.53,41317210,1,7
2024-07-31 16:00:00,471.07,44552134,2,7
2024-08-01 16:00:00,459.66,56653900,3,8
2024-08-02 16:00:00,448.75,66323244,4,8
2024-08-05 16:00:00,435.37,87483452,0,8
2024-08-06 16:00:00,439.53,63164429,1,8
2024-08-07 16:00:00,434.77,54929163,2,8
2024-08-08 16:00:00,448.07,47890071,3,8
2024-08-09 16:00:00,450.41,33573976,4,8
2024-08-12 16:00:00,451.38,27795006,0,8
2024-08-13 16:00:00,462.58,40084457,1,8
2024-08-14 16:00:00,462.73,34733746,2,8
2024-08-15 16:00:00,474.42,38280565,3,8
2024-08-16 16:00:00,475.03,38383623,4,8
2024-08-19 16:00:00,481.27,23737674,0,8
2024-08-20 16:00:00,480.26,29209340,1,8
2024-08-21 16:00:00,482.5,25658787,2,8
2024-08-22 16:00:00,474.85,37739576,3,8
2024-08-23 16:00:00,480.0,36061508,4,8
2024-08-26 16:00:00,475.34,27452641,0,8
2024-08-27 16:00:00,476.76,27510003,1,8
2024-08-28 16:00:00,471.35,37372436,2,8
2024-08-29 16:00:00,470.66,41081465,3,8
2024-08-30 16:00:00,476.27,33466473,4,8
2024-09-03 16:00:00,461.81,44985219,1,9
2024-09-04 16:00:00,460.61,32505102,2,9
2024-09-05 16:00:00,461.04,34452385,3,9
2024-09-06 16:00:00,448.69,50624385,4,9
2024-09-09 16:00:00,454.46,32981169,0,9
2024-09-10 16:00:00,458.66,29680319,1,9
2024-09-11 16:00:00,468.62,57842992,2,9
2024-09-12 16:00:00,473.22,40175456,3,9
2024-09-13 16:00:00,475.34,29111849,4,9
2024-09-16 16:00:00,473.24,22585596,0,9
2024-09-17 16:00:00,473.49,30084438,1,9
2024-09-18 16:00:00,471.44,39909215,2,9
2024-09-19 16:00:00,483.36,52782523,3,9
2024-09-20 16:00:00,482.44,34577663,4,9
2024-09-23 16:00:00,483.04,24842972,0,9
2024-09-24 16:00:00,485.37,25952637,1,9
2024-09-25 16:00:00,485.82,26549866,2,9
2024-09-26 16:00:00,489.47,32020206,3,9
2024-09-27 16:00:00,486.75,22851120,4,9
2024-09-30 16:00:00,488.07,30330605,0,9
2024-10-01 16:00:00,481.27,42735424,1,10
2024-10-02 16:00:00,481.95,23744049,2,10
2024-10-03 16:00:00,481.59,25337220,3,10
2024-10-04 16:00:00,487.32,30744909,4,10
2024-10-07 16:00:00,482.1,24975119,0,10
2024-10-08 16:00:00,489.3,28272017,1,10
2024-10-09 16:00:00,493.15,24994950,2,10
2024-10-10 16:00:00,492.59,25750446,3,10
2024-10-11 16:00:00,493.36,20644497,4,10
2024-10-14 16:00:00,497.5,26060145,0,10
2024-10-15 16:00:00,497.5,437901,1,10
2024-10-16 16:00:00,490.91,22996776,2,10
2024-10-17 16:00:00,491.25,27210658,3,10
2024-10-18 16:00:00,494.47,25335030,4,10
2024-10-21 16:00:00,495.42,30336549,0,10
2024-10-22 16:00:00,495.96,26685841,1,10
2024-10-23 16:00:00,488.36,39346565,2,10
2024-10-24 16:00:00,492.32,22024930,3,10
2024-10-25 16:00:00,495.32,38762143,4,10
2024-10-28 16:00:00,495.4,20477778,0,10
2024-10-29 16:00:00,500.16,28014059,1,10
2024-10-30 16:00:00,496.38,29755960,2,10
2024-10-31 16:00:00,483.85,41245248,3,10
2024-11-01 16:00:00,487.43,33655757,4,11
2024-11-04 16:00:00,486.01,23291580,0,11
2024-11-05 16:00:00,492.21,24353615,1,11
2024-11-06 16:00:00,505.58,43082198,2,11
2024-11-07 16:00:00,513.54,32853120,3,11
2024-11-08 16:00:00,514.14,22924483,4,11
2024-11-11 16:00:00,513.84,24167479,0,11
2024-11-12 16:00:00,512.91,25835288,1,11
2024-11-13 16:00:00,512.25,24567416,2,11
2024-11-14 16:00:00,508.69,28679519,3,11
2024-11-15 16:00:00,496.57,51461054,4,11
2024-11-18 16:00:00,500.02,27192662,0,11
2024-11-19 16:00:00,503.46,24523020,1,11
2024-11-20 16:00:00,503.17,29565491,2,11
2024-11-21 16:00:00,504.98,34526738,3,11
2024-11-22 16:00:00,505.79,23826644,4,11
2024-11-25 16:00:00,506.59,26375166,0,11
2024-11-26 16:00:00,509.31,26557061,1,11
2024-11-27 16:00:00,505.3,24957441,2,11
2024-11-29 13:05:00,509.74,15333968,4,11
2024-12-02 16:00:00,515.29,25147165,0,12
2024-12-03 16:00:00,516.87,18597900,1,12
2024-12-04 16:00:00,523.26,26086222,2,12
2024-12-05 16:00:00,521.81,18169632,3,12
2024-12-06 16:00:00,526.48,23762611,4,12
2024-12-09 16:00:00,522.38,20674405,0,12
2024-12-10 16:00:00,520.6,24350040,1,12
2024-12-11 16:00:00,529.92,32168579,2,12
2024-12-12 16:00:00,526.5,23577504,3,12
2024-12-13 16:00:00,530.53,28780405,4,12
2024-12-16 16:00:00,538.17,31979863,0,12
2024-12-17 16:00:00,535.8,28579070,1,12
2024-12-18 16:00:00,516.47,54703155,2,12
2024-12-19 16:00:00,514.17,46441754,3,12
2024-12-20 16:00:00,518.66,60529961,4,12
2024-12-23 16:00:00,522.87,29672800,0,12
2024-12-24 13:05:00,529.96,17558215,1,12
2024-12-26 16:00:00,529.6,19141494,3,12
2024-12-27 16:00:00,522.56,33839555,4,12
2024-12-30 16:00:00,515.61,34584028,0,12
2024-12-31 16:00:00,511.23,29117028,1,12
2025-01-02 16:00:00,510.23,36389783,3,1
2025-01-03 16:00:00,518.58,29059520,4,1
2025-01-06 16:00:00,524.54,36109734,0,1
2025-01-07 16:00:00,515.18,36690272,1,1
2025-01-08 16:00:00,515.27,30777777,2,1
2025-01-10 16:00:00,507.19,40532495,4,1
2025-01-13 16:00:00,505.56,31694210,0,1
2025-01-14 16:00:00,505.08,33737237,1,1
2025-01-15 16:00:00,516.7,34957554,2,1
2025-01-16 16:00:00,513.08,28229037,3,1
2025-01-17 16:00:00,521.74,51837941,4,1
2025-01-21 16:00:00,524.8,23627971,1,1
2025-01-22 16:00:00,531.51,33592988,2,1
2025-01-23 16:00:00,532.64,23096588,3,1
2025-01-24 16:00:00,529.63,19878251,4,1
2025-01-27 16:00:00,514.21,60771695,0,1
2025-01-28 16:00:00,521.81,33194214,1,1
2025-01-29 16:00:00,520.83,26649011,2,1
2025-01-30 16:00:00,523.05,27431302,3,1
2025-01-31 16:00:00,522.29,38845467,4,1
2025-02-03 16:00:00,518.11,40580835,0,2
2025-02-04 16:00:00,524.47,26046753,1,2
2025-02-05 16:00:00,526.85,21134070,2,2
2025-02-06 16:00:00,529.6,19434454,3,2
2025-02-07 16:00:00,522.92,29605470,4,2
2025-02-10 16:00:00,529.25,20852784,0,2
2025-02-11 16:00:00,527.99,19325500,1,2
2025-02-12 16:00:00,528.3,25009362,2,2
2025-02-13 16:00:00,535.9,28714799,3,2
2025-02-14 16:00:00,538.15,17862572,4,2
2025-02-18 16:00:00,539.37,20565028,1,2
2025-02-19 16:00:00,539.52,19666861,2,2
2025-02-20 16:00:00,537.23,26550753,3,2
2025-02-21 16:00:00,526.08,47093750,4,2
2025-02-24 16:00:00,519.87,39268392,0,2
2025-02-25 16:00:00,513.32,48940025,1,2
2025-02-26 16:00:00,514.56,34457618,2,2
2025-02-27 16:00:00,500.27,52447966,3,2
2025-02-28 16:00:00,508.17,47654043,4,2
2025-03-03 16:00:00,497.05,44587204,0,3
2025-03-04 16:00:00,495.55,67875402,1,3
2025-03-05 16:00:00,502.01,46323725,2,3
2025-03-06 16:00:00,488.2,57574332,3,3
2025-03-07 16:00:00,491.79,54714726,4,3
2025-03-10 16:00:00,472.73,76668029,0,3
2025-03-11 16:00:00,471.6,68760771,1,3
2025-03-12 16:00:00,476.92,46971082,2,3
2025-03-13 16:00:00,468.34,46563349,3,3
2025-03-14 16:00:00,479.66,43563010,4,3
2025-03-17 16:00:00,482.77,41744354,0,3
2025-03-18 16:00:00,474.54,39072265,1,3
2025-03-19 16:00:00,480.89,40430334,2,3
2025-03-20 16:00:00,479.26,36780549,3,3
2025-03-21 16:00:00,480.84,42234874,4,3
2025-03-24 16:00:00,490.66,34567186,0,3
2025-03-25 16:00:00,493.46,26035241,1,3
2025-03-26 16:00:00,484.38,35043357,2,3
2025-03-27 16:00:00,481.62,33469817,3,3
2025-03-28 16:00:00,468.94,46363797,4,3
2025-03-31 16:00:00,468.92,53000303,0,3
2025-04-01 16:00:00,472.7,41156226,1,4
2025-04-02 16:00:00,476.15,49894489,2,4
2025-04-03 16:00:00,450.66,70456338,3,4
2025-04-04 16:00:00,422.67,117088441,4,4
2025-04-07 16:00:00,423.69,161556970,0,4
2025-04-08 16:00:00,416.06,101248060,1,4
2025-04-09 16:00:00,466.0,142876878,2,4
2025-04-10 16:00:00,446.18,108384092,3,4
2025-04-11 16:00:00,454.4,52483779,4,4
2025-04-14 16:00:00,457.48,43941179,0,4
2025-04-15 16:00:00,457.99,35404210,1,4
2025-04-16 16:00:00,444.18,48980552,2,4
2025-04-17 16:00:00,444.1,44837047,3,4
2025-04-21 16:00:00,433.11,44149313,0,4
2025-04-22 16:00:00,444.48,52304388,1,4
2025-04-23 16:00:00,454.56,55801136,2,4
2025-04-24 16:00:00,467.35,45956136,3,4
2025-04-25 16:00:00,472.56,38697063,4,4
2025-04-28 16:00:00,472.41,33550778,0,4
2025-04-29 16:00:00,475.53,30613120,1,4
2025-04-30 16:00:00,475.47,46810610,2,4
2025-05-01 16:00:00,481.68,43316539,3,5
2025-05-02 16:00:00,488.83,39218082,4,5
2025-05-05 16:00:00,485.93,28309490,0,5
2025-05-06 16:00:00,481.41,32786310,1,5
2025-05-07 16:00:00,483.3,38109864,2,5
2025-05-08 16:00:00,488.29,39577592,3,5
2025-05-09 16:00:00,487.97,27767416,4,5
2025-05-12 16:00:00,507.85,45090616,0,5
2025-05-13 16:00:00,515.59,53269573,1,5
2025-05-14 16:00:00,518.68,47014516,2,5
2025-05-15 16:00:00,519.25,50153275,3,5
2025-05-16 16:00:00,521.51,48394603,4,5
2025-05-19 16:00:00,522.01,52536154,0,5
2025-05-20 16:00:00,520.27,42517561,1,5
2025-05-21 16:00:00,513.04,71292831,2,5
2025-05-22 16:00:00,514.0,55607169,3,5
2025-05-23 16:00:00,509.24,58368075,4,5
2025-05-27 16:00:00,521.22,47226323,1,5
2025-05-28 16:00:00,518.91,46637175,2,5
2025-05-29 16:00:00,519.93,58724069,3,5
2025-05-30 16:00:00,519.11,67662836,4,5
2025-06-02 16:00:00,523.21,44762817,0,6
2025-06-03 16:00:00,527.3,44070330,1,6
2025-06-04 16:00:00,528.77,41359322,2,6
2025-06-05 16:00:00,524.79,61286623,3,6
2025-06-06 16:00:00,529.92,42467021,4,6
2025-06-09 16:00:00,530.7,33688671,0,6
2025-06-10 16:00:00,534.21,40664795,1,6
2025-06-11 16:00:00,532.41,53701033,2,6
2025-06-12 16:00:00,533.66,34104887,3,6
2025-06-13 16:00:00,526.96,55814443,4,6
2025-06-16 16:00:00,534.29,37622051,0,6
2025-06-17 16:00:00,529.08,42180866,1,6
2025-06-18 16:00:00,528.99,43983522,2,6
2025-06-20 16:00:00,526.83,61643519,4,6
2025-06-23 16:00:00,531.65,50666146,0,6
2025-06-24 16:00:00,539.78,45441982,1,6
2025-06-25 16:00:00,541.16,44804168,2,6
2025-06-26 16:00:00,546.22,43811432,3,6
2025-06-27 16:00:00,548.09,57577147,4,6
2025-06-30 16:00:00,551.64,45548742,0,6
2025-07-01 16:00:00,546.99,56166736,1,7
2025-07-02 16:00:00,550.8,36538281,2,7
2025-07-03 13:05:00,556.22,26443524,3,7
2025-07-07 16:00:00,552.03,45349323,0,7
2025-07-08 16:00:00,552.34,36153258,1,7
2025-07-09 16:00:00,556.25,43045534,2,7
2025-07-10 16:00:00,555.45,34710913,3,7
2025-07-11 16:00:00,554.2,39618635,4,7
2025-07-14 16:00:00,556.21,36453314,0,7
2025-07-15 16:00:00,556.72,43277661,1,7
2025-07-16 16:00:00,557.29,52314711,2,7
2025-07-17 16:00:00,561.8,40423778,3,7
2025-07-18 16:00:00,561.26,50484704,4,7
2025-07-21 16:00:00,564.17,39595214,0,7
2025-07-22 16:00:00,561.25,43270647,1,7
2025-07-23 16:00:00,563.81,40215259,2,7
2025-07-24 16:00:00,565.01,42275541,3,7
2025-07-25 16:00:00,566.37,30630813,4,7
2025-07-28 16:00:00,568.14,31498739,0,7
2025-07-29 16:00:00,567.26,45463317,1,7
2025-07-30 16:00:00,568.02,43433777,2,7
2025-07-31 16:00:00,565.01,64613590,3,7
2025-08-01 16:00:00,553.88,69400789,4,8
2025-08-04 16:00:00,564.1,47669751,0,8
2025-08-05 16:00:00,560.27,48666640,1,8
2025-08-06 16:00:00,567.32,41823677,2,8
2025-08-07 16:00:00,569.24,44462972,3,8
2025-08-08 16:00:00,574.55,35255472,4,8
2025-08-11 16:00:00,572.85,33112917,0,8
2025-08-12 16:00:00,580.05,42271441,1,8
2025-08-13 16:00:00,580.34,41209294,2,8
2025-08-14 16:00:00,579.89,45425043,3,8
2025-08-15 16:00:00,577.34,49480161,4,8
2025-08-18 16:00:00,577.11,29830957,0,8
2025-08-19 16:00:00,569.28,53752635,1,8
2025-08-20 16:00:00,565.9,76781087,2,8
2025-08-21 16:00:00,563.28,46436899,3,8
2025-08-22 16:00:00,571.97,51502129,4,8
2025-08-25 16:00:00,570.32,34044749,0,8
2025-08-26 16:00:00,572.61,34103014,1,8
2025-08-27 16:00:00,573.49,36927144,2,8
2025-08-28 16:00:00,577.08,46787857,3,8
2025-08-29 16:00:00,570.4,56030409,4,8
2025-09-02 16:00:00,565.62,65876765,1,9
2025-09-03 16:00:00,570.07,54230213,2,9
2025-09-04 16:00:00,575.23,47526280,3,9
2025-09-05 16:00:00,576.06,68342532,4,9
2025-09-08 16:00:00,578.87,46371354,0,9
2025-09-09 16:00:00,580.51,44007592,1,9
2025-09-10 16:00:00,580.7,49307959,2,9
2025-09-11 16:00:00,584.08,44745766,3,9
2025-09-12 16:00:00,586.66,50745886,4,9
2025-09-15 16:00:00,591.68,44360315,0,9
2025-09-16 16:00:00,591.18,36942130,1,9
2025-09-17 16:00:00,590.0,69384820,2,9
2025-09-18 16:00:00,595.32,61069294,3,9
2025-09-19 16:00:00,599.35,58196109,4,9
2025-09-22 16:00:00,602.2,57154769,0,9
2025-09-23 16:00:00,598.2,64635486,1,9
2025-09-24 16:00:00,596.1,49850301,2,9
2025-09-25 16:00:00,593.53,70920209,3,9
2025-09-26 16:00:00,595.97,54337416,4,9
2025-09-29 16:00:00,598.73,48332934,0,9
2025-09-30 16:00:00,600.37,46533814,1,9
2025-10-01 16:00:00,603.25,46899612,2,10
2025-10-02 16:00:00,605.73,43765410,3,10
2025-10-03 16:00:00,603.18,46482098,4,10
2025-10-06 16:00:00,607.71,41962115,0,10
2025-10-07 16:00:00,604.51,58209463,1,10
2025-10-08 16:00:00,611.44,50629754,2,10
2025-10-09 16:00:00,610.7,45550958,3,10
2025-10-10 16:00:00,589.5,97614783,4,10
2025-10-13 16:00:00,602.01,65872584,0,10
2025-10-14 16:00:00,598.0,69203187,1,10
2025-10-15 16:00:00,602.22,62805456,2,10
2025-10-16 16:00:00,599.99,70981963,3,10
2025-10-17 16:00:00,603.93,72024872,4,10
2025-10-20 16:00:00,611.54,45761697,0,10
2025-10-21 16:00:00,611.38,44538161,1,10
2025-10-22 16:00:00,605.49,61478802,2,10
2025-10-23 16:00:00,610.58,42844298,3,10
2025-10-24 16:00:00,617.1,47632473,4,10
2025-10-27 16:00:00,628.09,54098611,0,10
2025-10-28 16:00:00,632.92,61195733,1,10
2025-10-29 16:00:00,635.77,67422806,2,10
2025-10-30 16:00:00,626.05,61628621,3,10
2025-10-31 16:00:00,629.07,66305147,4,10
2025-11-03 16:00:00,632.08,37154307,0,11
2025-11-04 16:00:00,619.25,63830768,1,11
2025-11-05 16:00:00,623.28,48688484,2,11
2025-11-06 16:00:00,611.67,72115128,3,11
2025-11-07 16:00:00,609.74,81835388,4,11
2025-11-10 16:00:00,623.23,55919931,0,11
2025-11-11 16:00:00,621.57,44868841,1,11
2025-11-12 16:00:00,621.08,47444384,2,11
2025-11-13 16:00:00,608.4,71333634,3,11
2025-11-14 16:00:00,608.86,80087291,4,11
2025-11-17 16:00:00,603.66,63850367,0,11
2025-11-18 16:00:00,596.31,83327279,1,11
2025-11-19 16:00:00,599.87,73111487,2,11
2025-11-20 16:00:00,585.67,117743195,3,11
2025-11-21 16:00:00,590.07,103344155,4,11
2025-11-24 16:00:00,605.16,60168149,0,11
2025-11-25 16:00:00,608.89,57560867,1,11
2025-11-26 16:00:00,614.27,42393598,2,11
2025-11-28 13:05:00,619.25,23034394,4,11
2025-12-01 16:00:00,617.17,40957588,0,12
2025-12-02 16:00:00,622.0,54541834,1,12
2025-12-03 16:00:00,623.52,47841627,2,12
2025-12-04 16:00:00,622.94,47067751,3,12
2025-12-05 16:00:00,625.48,53614169,4,12
2025-12-08 16:00:00,624.28,43462406,0,12
2025-12-09 16:00:00,625.05,37155999,1,12
2025-12-10 16:00:00,627.61,55031384,2,12
2025-12-11 16:00:00,625.58,58272844,3,12
2025-12-12 16:00:00,613.62,75158726,4,12
2025-12-15 16:00:00,610.54,49538197,0,12
2025-12-16 16:00:00,611.75,55152819,1,12
2025-12-17 16:00:00,600.41,70654327,2,12
2025-12-18 16:00:00,609.11,78875824,3,12
2025-12-19 16:00:00,617.05,60369829,4,12
2025-12-22 16:00:00,619.21,43703101,0,12
2025-12-23 16:00:00,622.11,41120445,1,12
2025-12-24 13:05:00,623.93,18468707,2,12
2025-12-26 16:00:00,623.89,28959778,4,12
2025-12-29 16:00:00,620.87,32458308,0,12
2025-12-30 16:00:00,619.43,31226754,1,12
2025-12-31 16:00:00,614.31,40746527,2,12
2026-01-02 16:00:00,613.12,61859163,4,1
2026-01-05 16:00:00,617.99,46828359,0,1
2026-01-06 16:00:00,623.42,43137520,1,1
2026-01-07 16:00:00,624.02,44880339,2,1
2026-01-08 16:00:00,620.47,50435941,3,1
2026-01-09 16:00:00,626.65,49688734,4,1
2026-01-12 16:00:00,627.17,37388651,0,1
2026-01-13 16:00:00,626.24,44481380,1,1
2026-01-14 16:00:00,619.55,72598700,2,1
2026-01-15 16:00:00,621.78,53934892,3,1
2026-01-16 16:00:00,621.26,61058094,4,1
2026-01-20 16:00:00,608.06,81988898,1,1
2026-01-21 16:00:00,616.28,79837881,2,1
2026-01-22 16:00:00,620.76,42254757,3,1
2026-01-23 16:00:00,622.72,43645825,4,1
2026-01-26 16:00:00,625.46,35983008,0,1
2026-01-27 16:00:00,631.13,38997212,1,1
2026-01-28 16:00:00,633.22,50691691,2,1
2026-01-29 16:00:00,629.43,79944047,3,1
2026-01-30 16:00:00,621.87,65650714,4,1
2026-02-02 16:00:00,626.14,49020292,0,2
2026-02-03 16:00:00,616.52,81233969,1,2
2026-02-04 16:00:00,605.75,81850748,2,2
2026-02-05 16:00:00,597.03,89354492,3,2
2026-02-06 16:00:00,609.65,78019338,4,2
2026-02-09 16:00:00,614.32,56797557,0,2
2026-02-10 16:00:00,611.47,53938859,1,2
2026-02-11 16:00:00,613.11,58575101,2,2
2026-02-12 16:00:00,600.64,81378903,3,2
2026-02-13 16:00:00,601.92,69237547,4,2
2026-02-17 16:00:00,601.3,69013763,1,2
2026-02-18 16:00:00,605.79,64250668,2,2
2026-02-19 16:00:00,603.47,60960839,3,2
2026-02-20 16:00:00,608.81,74127323,4,2
2026-02-23 16:00:00,601.41,63162819,0,2
2026-02-24 16:00:00,607.87,54389752,1,2
2026-02-25 16:00:00,616.68,52558188,2,2
2026-02-26 16:00:00,609.24,93807568,3,2
2026-02-27 16:00:00,607.29,67203083,4,2
2026-03-02 16:00:00,608.09,74678748,0,3
2026-03-03 16:00:00,601.58,95546863,1,3
2026-03-04 16:00:00,610.75,69826160,2,3
2026-03-05 16:00:00,608.91,88215465,3,3
2026-03-06 16:00:00,599.75,85642847,4,3
2026-03-09 16:00:00,607.76,91533927,0,3
2026-03-10 16:00:00,607.77,63487901,1,3
2026-03-11 16:00:00,607.69,60114800,2,3
2026-03-12 16:00:00,597.26,71836630,3,3
2026-03-13 16:00:00,593.72,63145490,4,3
2026-03-16 16:00:00,600.38,49077156,0,3
2026-03-17 16:00:00,603.31,47106608,1,3
2026-03-18 16:00:00,594.9,56127963,2,3
2026-03-19 16:00:00,593.02,75597579,3,3
2026-03-20 16:00:00,582.06,91964678,4,3
2026-03-23 16:00:00,588.0,89936119,0,3
2026-03-24 16:00:00,583.98,57750895,1,3
2026-03-25 16:00:00,587.82,60475491,2,3
2026-03-26 16:00:00,573.79,81492124,3,3
2026-03-27 16:00:00,562.58,82702241,4,3
2026-03-30 16:00:00,558.28,70602622,0,3
2026-03-31 16:00:00,577.18,95877997,1,3
2026-04-01 16:00:00,584.31,79435132,2,4
2026-04-02 16:00:00,584.98,50941709,3,4
2026-04-06 16:00:00,588.5,35108496,0,4
2026-04-07 16:00:00,588.59,49948196,1,4
2026-04-08 16:00:00,606.09,63085996,2,4
2026-04-09 16:00:00,610.19,37837539,3,4
2026-04-10 16:00:00,611.07,34038534,4,4
2026-04-13 16:00:00,617.39,32972110,0,4
2026-04-14 16:00:00,628.6,49921082,1,4
2026-04-15 16:00:00,637.4,50102387,2,4
2026-04-16 16:00:00,640.47,42320582,3,4
2026-04-17 16:00:00,648.85,53488871,4,4
2026-04-20 16:00:00,646.79,37138512,0,4
2026-04-21 16:00:00,644.33,39580523,1,4
2026-04-22 16:00:00,655.11,37368403,2,4
2026-04-23 16:00:00,651.42,40099828,3,4
2026-04-24 16:00:00,663.88,45563050,4,4
2026-04-27 16:00:00,664.23,32717030,0,4
2026-04-28 16:00:00,657.55,34147916,1,4
2026-04-29 16:00:00,661.57,28748431,2,4
